id,Name,titleProject_id,class,score,login, password
0,Сербин Геннадий Михаилович,7,8в,2,Сербин_ГМ,onkGa4Yr
1,Папандина Клавдия Яковлевна,304,9в,5,Папандина_КЯ,pO1aGgi1
2,Белагина Галина Андреевна,396,9а,4,Белагина_ГА,eHh9383Y
3,Кижняева Анна Леонидовна,178,7и,2,Кижняева_АЛ,52N6RkCI
4,Цывин Олег Яковлевич,446,7т,2,Цывин_ОЯ,9tZcb94W
5,Жидняева Ксения Эдуардовна,373,7х,4,Жидняева_КЭ,K49iBdvj
6,Липковский Анатолий Иванович,144,10а,2,Липковский_АИ,aCj4E32f
7,Меднова Наталья Богдановна,290,7и,5,Меднова_НБ,JxADid0y
8,Житихин Вячеслав Романович,141,9а,5,Житихин_ВР,u0QEw234
9,Шеврина Полина Максимовна,33,11а,5,Шеврина_ПМ,5WPX05bB
10,Алпеев Валентин Данилович,323,8а,2,Алпеев_ВД,xADMyzZi
11,Золикова Клара Игоревна,364,10х,2,Золикова_КИ,8U800f2A
12,Дориков Дмитрий Петрович,296,10г,5,Дориков_ДП,o792XpQv
13,Корабышев Кирилл Михаилович,302,8и,5,Корабышев_КМ,7vL3ll3J
14,Ростовиков Константин Николаевич,336,10а,2,Ростовиков_КН,Q2q1of87
15,Нехаев Дмитрий Фёдорович,129,7х,4,Нехаев_ДФ,fAtUh7Hl
16,Зызлова Мария Николаевна,430,8г,3,Зызлова_МН,08968794
17,Королупов Валерий Тимофеевич,397,10д,5,Королупов_ВТ,nZ31zGg2
18,Стенцов Евгений Яковлевич,315,8и,4,Стенцов_ЕЯ,d793I989
19,Феклисов Константин Виталиевич,270,9т,None,Феклисов_КВ,LMg2tKr5
20,Синелев Руслан Тимофеевич,300,8и,2,Синелев_РТ,v5ntZdz7
21,Опевалова Вера Евгеньевна,473,9д,5,Опевалова_ВЕ,a58CnSkl
22,Назерова Вероника Василевна,206,7б,5,Назерова_ВВ,Ces4s2sm
23,Дименская Светлана Дмитриевна,387,9д,5,Дименская_СД,8A9MQnxu
24,Ковторева Раиса Василевна,482,9и,2,Ковторева_РВ,1dZ96pVq
25,Кулишнин Вячеслав Яковлевич,386,11х,5,Кулишнин_ВЯ,TU4Gm902
26,Лексин Кирилл Антонович,139,7в,5,Лексин_КА,835qjE3Y
27,Лаковский Григорий Василиевич,240,7д,5,Лаковский_ГВ,xPkM7IKU
28,Барамыкова Александра Алексеевна,106,10а,3,Барамыкова_АА,X7K26ept
29,Плясулина Оксана Андреевна,346,8х,2,Плясулина_ОА,8E7988fB
30,Петрикеев Станислав Яковлевич,14,7и,4,Петрикеев_СЯ,ISoM17K9
31,Моторыгин Илья Георгиевич,238,10и,5,Моторыгин_ИГ,A4k0HoaY
32,Рыков Тарас Павлович,174,10и,5,Рыков_ТП,Sk3Ycg1O
33,Иончикова Елизавета Егоровна,169,8д,5,Иончикова_ЕЕ,15AuctYX
34,Смолькина Алиса Егоровна,441,7г,5,Смолькина_АЕ,G122b7Z4
35,Оболенин Герасим Павлович,472,7и,4,Оболенин_ГП,8N5FW1E4
36,Трощинский Георгий Борисович,67,9д,3,Трощинский_ГБ,ctRk54NX
37,Поддубская Лиза Игоревна,496,10а,4,Поддубская_ЛИ,p70HgjPT
38,Телькова Валерия Олеговна,335,7х,4,Телькова_ВО,ZZF5S7J7
39,Чигварина Александра Алексеевна,428,10б,2,Чигварина_АА,6669xGq2
40,Киреевский Артур Игоревич,119,7в,3,Киреевский_АИ,7OICUnfZ
41,Шумейкин Роман Павлович,420,8в,5,Шумейкин_РП,IDst2lY5
42,Трушинов Максим Алексиевич,82,8и,4,Трушинов_МА,JIlfb2l1
43,Голюков Денис Сергеевич,62,11б,4,Голюков_ДС,SXwbo4IZ
44,Хлиманкова Надежда Валерьевна,461,10б,3,Хлиманкова_НВ,N0IOvWG6
45,Кулаженков Алексей Олегович,367,10в,2,Кулаженков_АО,3Qieo1l5
46,Бутукин Владимир Адамович,221,7х,5,Бутукин_ВА,yw85kgE8
47,Поддуев Леонид Олегович,149,9х,4,Поддуев_ЛО,6Vqwj4IA
48,Ревцев Василий Павлович,360,9х,5,Ревцев_ВП,6FOJO6B3
49,Старокожев Артём Юрьевич,46,8д,3,Старокожев_АЮ,t2z8vtnb
50,Светошев Максим Михаилович,321,10х,2,Светошев_ММ,vDJe3YWC
51,Старынина Кристина Федоровна,266,9д,3,Старынина_КФ,353y54w9
52,Востров Дмитрий Денисович,282,9г,3,Востров_ДД,RSKsKIAh
53,Бураханова Анастасия Леонидовна,16,8г,2,Бураханова_АЛ,M8gQ0M0K
54,Понизов Виктор Кириллович,214,11и,5,Понизов_ВК,9eTSmUi7
55,Суздалев Валерий Алексеевич,66,11т,5,Суздалев_ВА,m76Y1Wyq
56,Колендин Дмитрий Алексеевич,153,10в,4,Колендин_ДА,3a3584dr
57,Сулькова Екатерина Андреевна,325,8и,4,Сулькова_ЕА,6k2D0t7G
58,Аржевитова Надежда Федоровна,242,10в,2,Аржевитова_НФ,03Q4O7P5
59,Крассов Валерий Олегович,201,8х,5,Крассов_ВО,K8sAw6Pn
60,Сонураева Инна Андреевна,450,9т,3,Сонураева_ИА,uP8BKYVd
61,Пашин Роман Вадимович,204,10д,2,Пашин_РВ,2bO27Paa
62,Фичкина Евгения Федоровна,29,11д,3,Фичкина_ЕФ,415zWW44
63,Свилин Олег Виталиевич,123,8в,2,Свилин_ОВ,Hi0cF6eK
64,Рогоцкий Андрей Адамович,142,9в,2,Рогоцкий_АА,SpN6745A
65,Ахантьев Игорь Валериевич,80,10д,5,Ахантьев_ИВ,2Z14aHCx
66,Сочиникова Ксения Кирилловна,100,10д,2,Сочиникова_КК,edS0w1fn
67,Остюков Артур Романович,329,11и,3,Остюков_АР,PRjF9W87
68,Брюкина Оксана Викторовна,98,8в,5,Брюкина_ОВ,P3WpNaQa
69,Кузовенков Игорь Юрьевич,322,9г,None,Кузовенков_ИЮ,t5205m5b
70,Калухов Тарас Иванович,207,11а,3,Калухов_ТИ,8B4w2029
71,Батыров Пётр Виталиевич,227,7и,3,Батыров_ПВ,tcmV2zVM
72,Озрина Катерина Валерьевна,147,10а,4,Озрина_КВ,81ERuQ1u
73,Декалова Полина Леонидовна,470,11д,5,Декалова_ПЛ,T778550b
74,Лосицкий Владимир Кириллович,369,9т,5,Лосицкий_ВК,9cc679VR
75,Магнусов Пётр Максимович,437,7и,5,Магнусов_ПМ,lNx84sd1
76,Лавренков Михаил Василиевич,188,9б,2,Лавренков_МВ,1o68e634
77,Шушкалова Вероника Алексеевна,411,8т,5,Шушкалова_ВА,7IIsF5F3
78,Бороданова Маргарита Дмитриевна,118,7г,5,Бороданова_МД,ntNV8syd
79,Циркина Виолетта Федоровна,231,9г,2,Циркина_ВФ,03mk5bnV
80,Болохина Екатерина Андреевна,194,11д,3,Болохина_ЕА,MHO9xA3O
81,Чукалова Дарья Валерьевна,20,10г,4,Чукалова_ДВ,euC5J99d
82,Беловолов Степан Петрович,222,9д,2,Беловолов_СП,2tfjB895
83,Зудейкина Вероника Ивановна,166,8и,3,Зудейкина_ВИ,gT50CHEV
84,Макунова Мария Борисовна,47,9в,5,Макунова_МБ,4ld7SI3D
85,Верзанский Геннадий Андреевич,497,7д,5,Верзанский_ГА,fX2Hicoc
86,Алтубин Ярослав Леонидович,414,10г,5,Алтубин_ЯЛ,o0g52HDg
87,Аузин Игорь Алексиевич,435,8х,5,Аузин_ИА,L35W3rfl
88,Калыгин Степан Тимофеевич,353,8и,2,Калыгин_СТ,H26I1T7Q
89,Дурныгина Полина Игоревна,72,8и,2,Дурныгина_ПИ,wxO3t2Zz
90,Антюфеева Александра Вадимовна,347,8и,2,Антюфеева_АВ,is9S6tlC
91,Лощинский Борис Романович,210,10б,3,Лощинский_БР,cf3XUO89
92,Ходорков Евгений Виталиевич,344,9г,5,Ходорков_ЕВ,l86WjTWb
93,Кафорин Федор Данилович,427,10д,3,Кафорин_ФД,4t46MWoA
94,Косынская Алиса Дмитриевна,40,9в,3,Косынская_АД,wMie9R6f
95,Беремцев Артём Антонович,434,11т,2,Беремцев_АА,3Gl07Rr3
96,Влянская Мария Андреевна,490,7т,4,Влянская_МА,91rL4Ebf
97,Мыгеева Лиза Василевна,280,8в,5,Мыгеева_ЛВ,tDLbk66P
98,Акутникова Мария Алексеевна,173,11в,2,Акутникова_МА,mxAih9h7
99,Карябкин Константин Максимович,89,7и,2,Карябкин_КМ,hXvBt48y
100,Прилепина Яна Максимовна,30,10в,5,Прилепина_ЯМ,k794k25Z
101,Ведищев Никита Георгиевич,365,7и,5,Ведищев_НГ,l7o10zG3
102,Самчева Вероника Борисовна,287,10г,3,Самчева_ВБ,NJ5OF9GB
103,Пирцхалова Карина Леонидовна,452,10г,5,Пирцхалова_КЛ,xtvkOlU0
104,Павлочев Денис Борисович,432,11д,5,Павлочев_ДБ,g25J5Ow2
105,Арашкова Екатерина Евгеньевна,356,8х,None,Арашкова_ЕЕ,G3e913qC
106,Байсарова Людмила Василевна,215,11и,2,Байсарова_ЛВ,2c8pmZen
107,Кудекина Зинаида Игоревна,250,10и,3,Кудекина_ЗИ,oveH0K2R
108,Дерналов Виталий Викторович,1,9г,4,Дерналов_ВВ,5V2EkIOw
109,Сазинова Галина Романовна,61,9и,3,Сазинова_ГР,VGwF1U29
110,Остаченова Марина Эдуардовна,229,9т,5,Остаченова_МЭ,X3bVK08l
111,Битюкова Яна Егоровна,488,9и,4,Битюкова_ЯЕ,7GSrFJLE
112,Иваницкий Константин Борисович,232,8д,5,Иваницкий_КБ,mB01LJX9
113,Белянский Владислав Игоревич,74,11б,5,Белянский_ВИ,sX525gdx
114,Баранкин Артём Алексеевич,382,9т,2,Баранкин_АА,OYq713UE
115,Шкабанова Софья Вадимовна,499,9х,4,Шкабанова_СВ,ySIQEn78
116,Полозлов Денис Адамович,155,8т,3,Полозлов_ДА,8oQ8b9R7
117,Жунина Светлана Михайловна,162,8в,3,Жунина_СМ,OmUWJ85y
118,Пантыкин Борис Игоревич,245,9х,2,Пантыкин_БИ,Gr5e1XP9
119,Доутова Марина Богдановна,189,11х,2,Доутова_МБ,60OH6u1F
120,Трещалова Яна Андреевна,330,8б,3,Трещалова_ЯА,09UwK8PY
121,Ивашечкин Александр Данилович,390,10т,4,Ивашечкин_АД,00qR2mB8
122,Мазьянова Инна Богдановна,416,11в,4,Мазьянова_ИБ,0LPN3594
123,Корогев Николай Евгеньевич,184,8б,5,Корогев_НЕ,JYs1gPm8
124,Заидова Галина Максимовна,88,9т,4,Заидова_ГМ,Ea15047B
125,Рамхин Кирилл Алексиевич,459,9х,4,Рамхин_КА,dBMen374
126,Кизбабаев Эдуард Фёдорович,415,11т,2,Кизбабаев_ЭФ,Ke8xvjh6
127,Соурчаков Ярослав Валериевич,268,8б,2,Соурчаков_ЯВ,WXC9o2Bq
128,Мотяшева Алена Михайловна,404,7т,2,Мотяшева_АМ,R2a75729
129,Горшкова Наталия Яковлевна,340,11а,2,Горшкова_НЯ,GZ540o01
130,Зябрицкий Игорь Виталиевич,332,7а,5,Зябрицкий_ИВ,7R6MJY8g
131,Шельдяев Игорь Юриевич,97,7д,5,Шельдяев_ИЮ,X99aFP59
132,Шмелькин Максим Викторович,483,9т,5,Шмелькин_МВ,8TyLx621
133,Жалкин Алексей Алексеевич,43,7а,3,Жалкин_АА,GXoqFz9r
134,Худасов Денис Максимович,70,10д,2,Худасов_ДМ,MwrG8bIh
135,Швичкова Наталья Эдуардовна,398,7г,4,Швичкова_НЭ,FLd18Na1
136,Едская Жанна Валерьевна,436,11в,4,Едская_ЖВ,Evu92D95
137,Поморзина Полина Евгеньевна,122,7д,4,Поморзина_ПЕ,87f3b6jP
138,Будачева Кира Олеговна,55,11х,4,Будачева_КО,4EZ0480e
139,Молкаев Василий Валериевич,216,8д,2,Молкаев_ВВ,O1FlorR0
140,Яцынин Константин Тимофеевич,285,7г,2,Яцынин_КТ,169Q8Dan
141,Маховиков Василий Петрович,391,7х,4,Маховиков_ВП,0kS7S3tB
142,Шаметова Евгения Вадимовна,463,7а,2,Шаметова_ЕВ,Q1xdIdmf
143,Законнова Жанна Евгеньевна,442,11и,None,Законнова_ЖЕ,AlH3n20o
144,Перчихин Аркадий Тимофеевич,164,10т,3,Перчихин_АТ,akOkSAd2
145,Бурдасова Ксения Игоревна,203,9а,3,Бурдасова_КИ,25nBScQX
146,Киссин Степан Иванович,251,7х,5,Киссин_СИ,7I6012tO
147,Вапилина Мария Егоровна,77,7д,2,Вапилина_МЕ,FPvpg9T2
148,Сигутина Дарья Федоровна,458,7б,2,Сигутина_ДФ,5wC9WAR5
149,Сошьяков Альберт Фёдорович,17,7т,4,Сошьяков_АФ,hdtDodVQ
150,Лугахина Клара Вадимовна,419,8в,4,Лугахина_КВ,56oF02yU
151,Логецкий Анатолий Виталиевич,372,11б,4,Логецкий_АВ,KDyu5p1i
152,Ковайкова Юлия Егоровна,75,10г,2,Ковайкова_ЮЕ,Tgu8DJ1S
153,Вермутский Валерий Петрович,447,9и,5,Вермутский_ВП,GwN37RXH
154,Россомахов Олег Юриевич,56,8в,2,Россомахов_ОЮ,A24f4R01
155,Циплакова Екатерина Егоровна,471,9б,5,Циплакова_ЕЕ,VhR3q2mC
156,Квятцева Алла Никитична,138,11в,2,Квятцева_АН,ozs0Sa9H
157,Выхухолева Лариса Василевна,384,8б,5,Выхухолева_ЛВ,Q59nRIRy
158,Целохов Андрей Вадимович,433,8и,5,Целохов_АВ,n0CTl5Me
159,Бендин Иван Яковлевич,71,8и,4,Бендин_ИЯ,k4ZQX15X
160,Лазученков Василий Алексеевич,381,7х,2,Лазученков_ВА,pxg1C8n1
161,Скоропухов Михаил Василиевич,69,10и,3,Скоропухов_МВ,IyFQx48W
162,Мухонкин Тарас Романович,126,9и,4,Мухонкин_ТР,E9SyJBNO
163,Камерцев Владимир Кириллович,303,7а,3,Камерцев_ВК,6pBytY6q
164,Сандрыкина Анна Олеговна,324,10т,2,Сандрыкина_АО,OG537584
165,Недбайлов Алексей Денисович,15,7т,2,Недбайлов_АД,G8mZU5z7
166,Серпков Ярослав Георгиевич,380,10б,4,Серпков_ЯГ,Cq8WWmkk
167,Хатшуклов Аркадий Николаевич,42,11т,4,Хатшуклов_АН,Bdk70Kfu
168,Литвалиева Алиса Егоровна,10,11и,3,Литвалиева_АЕ,c87M3Q5u
169,Енесина Лиза Валерьевна,293,9б,5,Енесина_ЛВ,RI0cl4sL
170,Пикальков Эдуард Алексиевич,21,8д,5,Пикальков_ЭА,QONltR5r
171,Сачинский Валентин Кириллович,125,10т,2,Сачинский_ВК,z20072G8
172,Тарзанова Евгения Аркадьевна,96,9д,2,Тарзанова_ЕА,J1JZt3rP
173,Лапундин Юрий Игоревич,267,8и,5,Лапундин_ЮИ,07QoaG5x
174,Личева Лиза Михайловна,453,9б,3,Личева_ЛМ,By1Ji785
175,Смароверов Яков Борисович,131,11в,4,Смароверов_ЯБ,9EPWoQ8c
176,Вереина Алла Василевна,295,10и,3,Вереина_АВ,DKx82COL
177,Погиблева Дарья Леонидовна,283,9в,5,Погиблева_ДЛ,bM2vgVQV
178,Байнова Анастасия Вадимовна,363,7б,3,Байнова_АВ,517tg7NV
179,Шиловский Вячеслав Максимович,438,9и,4,Шиловский_ВМ,9ECG1vt2
180,Сыждиков Пётр Василиевич,494,11х,5,Сыждиков_ПВ,ah98zU8l
181,Каценова Алёна Эдуардовна,165,11т,2,Каценова_АЭ,WmI8pOtk
182,Мужицких Ева Олеговна,348,8х,3,Мужицких_ЕО,OyEdHF40
183,Плеснецов Степан Юрьевич,22,10а,2,Плеснецов_СЮ,UGb7OP8n
184,Игумнова Алёна Сергеевна,114,9д,4,Игумнова_АС,O1n3fG5k
185,Хадаров Владимир Валериевич,278,11т,5,Хадаров_ВВ,y367okYK
186,Ступакова Кира Ивановна,421,8и,3,Ступакова_КИ,oP6sQm5W
187,Шоленинов Федор Максимович,286,11т,4,Шоленинов_ФМ,xH72VPK9
188,Гундаров Руслан Николаевич,158,9д,4,Гундаров_РН,x746T59S
189,Гречишева Марина Андреевна,464,7д,2,Гречишева_МА,A332Z1Jf
190,Утилова Алена Андреевна,253,11д,3,Утилова_АА,W2yFN8Va
191,Роткичева Алиса Максимовна,410,10а,4,Роткичева_АМ,VH9M8CCE
192,Колтышева Марина Вадимовна,87,11г,4,Колтышева_МВ,kF3N539Y
193,Гурычева Лариса Валерьевна,489,9б,2,Гурычева_ЛВ,5w4u8qMW
194,Горцева Кристина Никитична,246,8и,4,Горцева_КН,1z65A695
195,Кутурин Геннадий Денисович,197,9в,2,Кутурин_ГД,9z6367tN
196,Стефанков Яков Евгеньевич,318,10г,3,Стефанков_ЯЕ,5np1ESKl
197,Множина Людмила Василевна,90,8б,2,Множина_ЛВ,Vn1GW0b1
198,Семисалов Георгий Иванович,316,9в,3,Семисалов_ГИ,5neO8x27
199,Рогалов Альберт Валериевич,327,9б,2,Рогалов_АВ,z6P445k6
200,Черетаева Анастасия Олеговна,341,9б,2,Черетаева_АО,w846L99w
201,Радоминова Любовь Игоревна,25,9и,5,Радоминова_ЛИ,Q0qD1azJ
202,Шувырина Лиза Андреевна,395,9а,5,Шувырина_ЛА,JUPC0ob2
203,Калиженков Семён Алексеевич,401,11а,4,Калиженков_СА,i6FTzWPJ
204,Старокашин Константин Петрович,309,10а,3,Старокашин_КП,lF7CK7d3
205,Малтоцов Аркадий Яковлевич,218,8а,3,Малтоцов_АЯ,tC60e58J
206,Кузеванова Ева Егоровна,116,7д,2,Кузеванова_ЕЕ,XtLl38r9
207,Нурулина Алёна Егоровна,284,9х,2,Нурулина_АЕ,50iBHJcP
208,Лератов Герасим Сергеевич,374,10а,4,Лератов_ГС,T4w1tUR1
209,Людин Руслан Аркадиевич,498,7и,3,Людин_РА,L36HqR08
210,Пурин Виктор Данилович,154,8и,5,Пурин_ВД,8g00OeiC
211,Лютов Виктор Юрьевич,288,11г,2,Лютов_ВЮ,WNJu98Sr
212,Марюшкина Яна Федоровна,345,10д,5,Марюшкина_ЯФ,18v91lc0
213,Томилова Кристина Михайловна,492,11б,3,Томилова_КМ,WWaJnLe5
214,Дистерев Валерий Валериевич,24,7г,3,Дистерев_ВВ,jxHGo4rv
215,Дочкин Геннадий Алексиевич,52,11и,5,Дочкин_ГА,5HgIwMay
216,Иняхин Руслан Сергеевич,234,7и,5,Иняхин_РС,yq9Va8IU
217,Знайкова Раиса Егоровна,148,11х,3,Знайкова_РЕ,DTMCs72r
218,Кашавцев Аркадий Леонидович,58,7а,4,Кашавцев_АЛ,05NZmh1S
219,Пятернина Кристина Андреевна,445,7и,2,Пятернина_КА,a093ak8q
220,Гусеева Карина Викторовна,263,9и,2,Гусеева_КВ,3d4q69u1
221,Кастева Яна Сергеевна,108,7и,2,Кастева_ЯС,40Xp800X
222,Гришанин Тарас Павлович,113,10т,2,Гришанин_ТП,6085f0CV
223,Грамоткин Илья Викторович,195,8д,5,Грамоткин_ИВ,31e83l04
224,Мелисин Геннадий Василиевич,465,10г,2,Мелисин_ГВ,Q5zTqpn4
225,Цинина Светлана Яковлевна,105,11г,5,Цинина_СЯ,cJ9Pea67
226,Петов Георгий Адамович,57,9а,2,Петов_ГА,0ZNiEJf4
227,Реева Валентина Максимовна,146,11и,5,Реева_ВМ,fK6vUG5Q
228,Слесивых Мария Аркадьевна,35,7и,5,Слесивых_МА,n36U07O6
229,Афтаева Полина Ивановна,193,10д,5,Афтаева_ПИ,S73rAs89
230,Кривицкий Валентин Виталиевич,208,8х,5,Кривицкий_ВВ,Qha1RXsj
231,Чубатов Константин Леонидович,279,11а,4,Чубатов_КЛ,T6C5990x
232,Партенков Геннадий Павлович,418,8х,3,Партенков_ГП,9038oy8D
233,Черушев Григорий Борисович,84,7г,4,Черушев_ГБ,3Fi2nnF9
234,Тютекин Георгий Тимофеевич,262,7а,2,Тютекин_ГТ,iQPZab7r
235,Янкевский Вячеслав Адамович,167,11г,4,Янкевский_ВА,R9IbykJ6
236,Сухручкина Клавдия Аркадьевна,177,7в,4,Сухручкина_КА,cG2hr1T8
237,Конофалова Клара Петровна,95,11д,5,Конофалова_КП,93yi7L4b
238,Лигасов Михаил Павлович,491,11г,4,Лигасов_МП,rU91sF1m
239,Писарьков Альберт Игоревич,313,8в,4,Писарьков_АИ,kz5hMOmc
240,Варов Кирилл Иванович,28,8а,5,Варов_КИ,2a2U51L5
241,Пурынов Евгений Петрович,244,9и,3,Пурынов_ЕП,83QhBl4I
242,Супрутская Вероника Викторовна,187,9а,2,Супрутская_ВВ,2Ov1IF3r
243,Скроцкая Алина Федоровна,127,8г,3,Скроцкая_АФ,M236TJ8J
244,Барадулин Вадим Юрьевич,281,11х,3,Барадулин_ВЮ,P9XK9m05
245,Точилин Дмитрий Фёдорович,476,8а,2,Точилин_ДФ,6IW4K56v
246,Бикмуллин Руслан Валериевич,333,11т,2,Бикмуллин_РВ,88tE93X0
247,Серпичев Василий Алексиевич,394,10х,5,Серпичев_ВА,yrVZ334F
248,Вострышев Яков Аркадиевич,343,8г,5,Вострышев_ЯА,H076Z87a
249,Грушчева София Евгеньевна,480,11в,None,Грушчева_СЕ,Bf6nA063
250,Кулапов Александр Юрьевич,109,9б,5,Кулапов_АЮ,HtqGMDOo
251,Чибисенков Владислав Фёдорович,375,8х,3,Чибисенков_ВФ,E83zsR65
252,Утилов Роман Василиевич,254,9х,2,Утилов_РВ,ux6nL2eQ
253,Татаурова Галина Федоровна,145,10т,4,Татаурова_ГФ,eaItXfg6
254,Визавитина Наталия Леонидовна,101,10г,2,Визавитина_НЛ,v42GEJu3
255,Мягченков Артём Денисович,115,7б,4,Мягченков_АД,ey1m582m
256,Брикова Инна Богдановна,256,9б,4,Брикова_ИБ,F8VCjX8X
257,Наторкин Валентин Данилович,319,7и,2,Наторкин_ВД,3yVW9I0y
258,Эштрекова Софья Алексеевна,76,9в,3,Эштрекова_СА,EDe38Mf1
259,Кутаманова Кира Андреевна,182,10т,2,Кутаманова_КА,pBcB18zg
260,Кыштымова Евгения Эдуардовна,255,8в,5,Кыштымова_ЕЭ,wrn9B7sP
261,Ккнязева Клавдия Дмитриевна,34,7б,5,Ккнязева_КД,0st6Z64E
262,Глаголина Алиса Никитична,249,9д,2,Глаголина_АН,pf6Vg662
263,Рисина Раиса Валерьевна,451,10а,4,Рисина_РВ,17a8I595
264,Ребров Алексей Георгиевич,289,8и,3,Ребров_АГ,MZ33Wwdh
265,Вырысалова Александра Евгеньевна,39,11и,2,Вырысалова_АЕ,XlwMZtrO
266,Гомольский Владимир Юриевич,314,11х,5,Гомольский_ВЮ,4y8eOIdj
267,Швинова Марина Федоровна,271,8г,5,Швинова_МФ,11X7574I
268,Рудковская Инна Дмитриевна,6,7т,3,Рудковская_ИД,UZYW4kbP
269,Решеткина Дарья Василевна,408,10и,3,Решеткина_ДВ,gL0qe3TG
270,Евстихеев Игорь Василиевич,422,10х,5,Евстихеев_ИВ,01d2C0YI
271,Лазарина Алёна Федоровна,161,8б,3,Лазарина_АФ,QCwYdM5U
272,Гляченков Григорий Николаевич,431,10а,5,Гляченков_ГН,D0ePbx0t
273,Чардынцева Алина Вадимовна,135,10д,3,Чардынцева_АВ,0gbM1E3W
274,Скаредов Яков Иванович,337,9т,5,Скаредов_ЯИ,742290yx
275,Юрицкий Эдуард Денисович,192,7д,3,Юрицкий_ЭД,Vo3vO2UC
276,Кравчина Светлана Аркадьевна,413,11г,5,Кравчина_СА,5XfKBz3d
277,Чмареткова Полина Вадимовна,449,10а,2,Чмареткова_ПВ,Vo2ElHHE
278,Углова Галина Романовна,260,9г,3,Углова_ГР,EvZ89ww3
279,Згуровская Виктория Андреевна,220,9т,4,Згуровская_ВА,Wv2MBFNH
280,Секерский Станислав Сергеевич,235,10а,4,Секерский_СС,XSGc9kq8
281,Жевайкин Евгений Адамович,86,11г,3,Жевайкин_ЕА,4Km6F0H0
282,Коточигов Семён Игоревич,26,9д,5,Коточигов_СИ,D6x3y922
283,Калонин Альберт Денисович,297,8б,2,Калонин_АД,J9s79xvL
284,Валягин Григорий Антонович,94,10в,4,Валягин_ГА,srnM9PpS
285,Коцева Кристина Николаевна,412,9г,3,Коцева_КН,3Eq0S4DK
286,Голина Кристина Максимовна,3,7х,3,Голина_КМ,h68kIlmV
287,Батрамеев Анатолий Романович,354,9х,3,Батрамеев_АР,95kzHYl8
288,Чикмарев Валентин Валериевич,306,9и,5,Чикмарев_ВВ,I4xaW5G7
289,Киницына Валерия Олеговна,202,7х,4,Киницына_ВО,yEC9WVG2
290,Числин Юрий Денисович,121,7в,2,Числин_ЮД,CkxFEj8N
291,Стебунова Юлия Романовна,358,9т,3,Стебунова_ЮР,mGf5kYRp
292,Кацов Павел Павлович,236,10г,5,Кацов_ПП,8HA4F1BO
293,Гоцев Тарас Викторович,41,8в,3,Гоцев_ТВ,8gisuXNt
294,Мотовицкий Роман Аркадиевич,31,11и,5,Мотовицкий_РА,U8Gah4sL
295,Чурзина Клара Егоровна,308,10б,3,Чурзина_КЕ,28S566Su
296,Щепалкина Валерия Сергеевна,134,9б,4,Щепалкина_ВС,d8Qp8sBi
297,Утимишев Ярослав Игоревич,239,11а,3,Утимишев_ЯИ,I8qHNL31
298,Алуханов Кирилл Фёдорович,298,7т,2,Алуханов_КФ,882dAxut
299,Полунеев Валентин Валериевич,307,8и,2,Полунеев_ВВ,dudk287g
300,Крупенова Наталия Андреевна,209,7в,5,Крупенова_НА,N6n8O2qz
301,Корнюшин Илья Юрьевич,44,10т,3,Корнюшин_ИЮ,249jqH06
302,Паушева Виолетта Никитична,310,8г,4,Паушева_ВН,uq54Re9e
303,Берзин Герасим Антонович,349,11т,5,Берзин_ГА,MB1TtoSS
304,Шулунова Алла Алексеевна,54,7д,4,Шулунова_АА,8915sy85
305,Трепашова София Яковлевна,399,11а,2,Трепашова_СЯ,S311hHpl
306,Чумейкин Константин Антонович,8,8б,5,Чумейкин_КА,34uxFczz
307,Польшиков Денис Игоревич,495,9и,2,Польшиков_ДИ,07Ny1QsZ
308,Медоусова Жанна Романовна,252,7б,2,Медоусова_ЖР,B6Glyyr9
309,Акуратова Клавдия Андреевна,92,9г,5,Акуратова_КА,11w75hBF
310,Курмеева Елизавета Валерьевна,486,8а,5,Курмеева_ЕВ,B89870U8
311,Бадов Александр Аркадиевич,217,10г,3,Бадов_АА,br1E7359
312,Бакушин Эдуард Адамович,265,7б,5,Бакушин_ЭА,0EHzZN43
313,Чебина Инна Сергеевна,273,10т,2,Чебина_ИС,8cMaE3cD
314,Подледнова Наталья Ивановна,112,11и,3,Подледнова_НИ,HVS60nLM
315,Садгеева Лиза Евгеньевна,460,11г,3,Садгеева_ЛЕ,44UhS964
316,Акушин Борис Павлович,493,9т,2,Акушин_БП,h456H8v9
317,Аришев Руслан Кириллович,379,10т,3,Аришев_РК,6CZ27llC
318,Гуслова Кристина Олеговна,389,9в,2,Гуслова_КО,AlP43qu0
319,Глоточкина Оксана Аркадьевна,370,9и,5,Глоточкина_ОА,bL8iL72G
320,Шапина Маргарита Романовна,163,8б,5,Шапина_МР,I060WyXj
321,Дурылин Георгий Валериевич,261,11т,4,Дурылин_ГВ,0K4Cjw06
322,Болкисева Анна Викторовна,248,7х,4,Болкисева_АВ,0pQY1xkO
323,Багапов Вячеслав Сергеевич,99,7д,4,Багапов_ВС,993T8eB7
324,Люцарева Яна Аркадьевна,376,11б,2,Люцарева_ЯА,4IeJWYXr
325,Боготынина София Егоровна,63,11б,5,Боготынина_СЕ,0LE1MoY3
326,Саюшкин Игорь Алексиевич,211,11х,5,Саюшкин_ИА,MI91u3QT
327,Потешных Тамара Николаевна,468,11в,3,Потешных_ТН,Pl43T1Ug
328,Незлина Жанна Василевна,426,8б,5,Незлина_ЖВ,e3nv7DVR
329,Федичева Вероника Кирилловна,37,7х,4,Федичева_ВК,6c150751
330,Пустынкин Вадим Антонович,388,10в,5,Пустынкин_ВА,p48Oy93g
331,Аринакова Ирина Михайловна,150,8в,5,Аринакова_ИМ,LH2vEckd
332,Обиралкова Мария Егоровна,294,11т,5,Обиралкова_МЕ,3dZ4XH98
333,Аристарова Валентина Максимовна,443,11г,2,Аристарова_ВМ,jSYZQp37
334,Яуров Герасим Юрьевич,38,9а,5,Яуров_ГЮ,UKk853dl
335,Духонькин Вячеслав Фёдорович,2,9в,4,Духонькин_ВФ,60av56OZ
336,Гвасков Евгений Михаилович,402,9в,5,Гвасков_ЕМ,Y2ZNj0j0
337,Жабынина Галина Николаевна,185,7х,5,Жабынина_ГН,5mu9g8I4
338,Шерюкова Виолетта Романовна,440,9б,4,Шерюкова_ВР,V12DK5fC
339,Колокатов Пётр Евгеньевич,484,10в,3,Колокатов_ПЕ,bz69pxeW
340,Шайдуков Андрей Михаилович,317,9и,4,Шайдуков_АМ,k6554p0Q
341,Смирнягина Дарья Игоревна,425,10в,4,Смирнягина_ДИ,UpenHl43
342,Штырева Ева Олеговна,258,11и,2,Штырева_ЕО,17c1RoJc
343,Ашукин Вячеслав Михаилович,191,10т,4,Ашукин_ВМ,vhIwU6aT
344,Рубченкова Галина Алексеевна,190,9в,3,Рубченкова_ГА,8CS4X0b6
345,Зархин Иван Алексиевич,478,11и,5,Зархин_ИА,XW84120W
346,Адиотов Дмитрий Павлович,156,7б,3,Адиотов_ДП,60EQx44A
347,Тищенкова Раиса Валерьевна,79,7д,3,Тищенкова_РВ,D3Ym9H8e
348,Лозеев Илья Петрович,205,10д,2,Лозеев_ИП,vLFHY488
349,Кобяшов Герасим Михаилович,305,11т,2,Кобяшов_ГМ,ILf1JrQp
350,Ронова Клавдия Валерьевна,107,7и,4,Ронова_КВ,cjX0fXX6
351,Стрижнов Алексей Евгеньевич,385,11г,3,Стрижнов_АЕ,wTE8E8rd
352,Волынский Алексей Виталиевич,362,11т,5,Волынский_АВ,25X79bk4
353,Машонский Василий Данилович,23,9д,5,Машонский_ВД,1N7unpwq
354,Буриева Зинаида Аркадьевна,104,11д,4,Буриева_ЗА,U7Ac87YC
355,Борщина Алёна Ивановна,377,11а,5,Борщина_АИ,9p5yUC3I
356,Белчков Олег Иванович,275,10а,4,Белчков_ОИ,5ez1b5A0
357,Остропиков Альберт Данилович,157,8г,2,Остропиков_АД,HiN70xs3
358,Оргонова Любовь Максимовна,264,7б,4,Оргонова_ЛМ,22L2GMV0
359,Мальков Юрий Евгеньевич,228,7г,3,Мальков_ЮЕ,3n5aodno
360,Свльхова Наталья Вадимовна,160,9т,5,Свльхова_НВ,7mnuyr6L
361,Мякушков Герасим Леонидович,102,10т,3,Мякушков_ГЛ,k4i1aB7d
362,Межуев Георгий Юриевич,355,8г,4,Межуев_ГЮ,2CHG8HmL
363,Чериншев Александр Сергеевич,439,8а,2,Чериншев_АС,8lPZ1hSX
364,Муниров Алексей Андреевич,117,11г,3,Муниров_АА,4eu807Yf
365,Климухин Руслан Романович,269,10в,3,Климухин_РР,aHm16k8q
366,Дембская Екатерина Никитична,64,11б,4,Дембская_ЕН,F09W14z4
367,Тюнеев Яков Фёдорович,417,10т,2,Тюнеев_ЯФ,82dofxj1
368,Трушитин Антон Данилович,168,9х,3,Трушитин_АД,4As3IHRF
369,Балакишиев Роман Алексиевич,143,11х,5,Балакишиев_РА,9zsz9w1L
370,Немтюрева Валерия Аркадьевна,12,10г,4,Немтюрева_ВА,nA154ijF
371,Складанова Клавдия Аркадьевна,257,9а,3,Складанова_КА,7Sv6g59G
372,Заходина Полина Леонидовна,93,10д,4,Заходина_ПЛ,b0o92S5R
373,Муринов Анатолий Борисович,171,11б,5,Муринов_АБ,w7jIGj32
374,Гришалова Любовь Евгеньевна,301,8т,3,Гришалова_ЛЕ,12aZ9zvT
375,Ситчихин Станислав Георгиевич,247,8т,5,Ситчихин_СГ,z2Kg4u9H
376,Просяных Георгий Василиевич,366,9в,2,Просяных_ГВ,6Da3219k
377,Дзабиев Григорий Георгиевич,259,11д,5,Дзабиев_ГГ,VJt5mt2K
378,Рыбаулин Григорий Алексеевич,140,11а,5,Рыбаулин_ГА,Pi2wg7O3
379,Тупиева Екатерина Ивановна,400,7д,2,Тупиева_ЕИ,0z6Z2iBg
380,Куверчева Алена Ивановна,170,10д,3,Куверчева_АИ,u1Q30jTb
381,Цаблинова Виктория Богдановна,342,9г,4,Цаблинова_ВБ,SIQbRae0
382,Синенков Григорий Леонидович,230,9в,5,Синенков_ГЛ,qM0nF8dn
383,Лизункин Артур Олегович,4,11в,5,Лизункин_АО,I7Z24r59
384,Славущева Александра Эдуардовна,81,8а,5,Славущева_АЭ,YDA24dj5
385,Шахвердов Дмитрий Антонович,132,11б,2,Шахвердов_ДА,K28m7lhn
386,Рапацкая Ольга Ивановна,223,10г,3,Рапацкая_ОИ,ahQob61r
387,Сторокожев Виталий Аркадиевич,159,9б,2,Сторокожев_ВА,O4FKuyga
388,Половодов Кирилл Николаевич,18,8т,5,Половодов_КН,F0r14rVf
389,Халтанова Алена Дмитриевна,49,8б,3,Халтанова_АД,23e19Y34
390,Заложнев Роман Фёдорович,448,8в,4,Заложнев_РФ,Pul54mCR
391,Рыжих Кристина Аркадьевна,213,7а,4,Рыжих_КА,09NHo652
392,Буров Руслан Игоревич,405,11и,5,Буров_РИ,fm0PTcdQ
393,Гачков Виталий Евгеньевич,277,9т,4,Гачков_ВЕ,hdn8unOx
394,Кадилов Геннадий Борисович,225,10в,3,Кадилов_ГБ,f077x3rk
395,Гликина Алёна Эдуардовна,454,9б,3,Гликина_АЭ,e0m0pY90
396,Ичкинина Любовь Андреевна,299,8г,5,Ичкинина_ЛА,ce52L24t
397,Мозшорина Кира Дмитриевна,65,8б,3,Мозшорина_КД,eRSNC0Yn
398,Брижеватов Константин Борисович,152,11т,2,Брижеватов_КБ,ouAHy4SY
399,Бучеров Тарас Викторович,429,10д,4,Бучеров_ТВ,FfK68Y40
400,Мисютина Валерия Эдуардовна,368,9г,2,Мисютина_ВЭ,j9RB10V4
401,Льянов Федор Вадимович,328,8а,4,Льянов_ФВ,vy1jEZWX
402,Щуркин Георгий Яковлевич,180,8в,4,Щуркин_ГЯ,y5QXr4Rl
403,Акулин Федор Адамович,241,10г,4,Акулин_ФА,573YaqJa
404,Волженкова Екатерина Ивановна,233,9д,4,Волженкова_ЕИ,9WbEadCU
405,Махометова София Викторовна,424,8и,3,Махометова_СВ,T8XajWLm
406,Зызлов Геннадий Антонович,274,7в,3,Зызлов_ГА,irdIuqh7
407,Девляшова Кира Олеговна,51,11д,5,Девляшова_КО,04LL4WO1
408,Яковкина Алена Никитична,320,9т,5,Яковкина_АН,T3O96NFM
409,Бузулев Вадим Николаевич,331,10д,3,Бузулев_ВН,4GpGz9T0
410,Ганельский Юрий Юриевич,474,9д,3,Ганельский_ЮЮ,5LM38gYF
411,Шкапрова Ева Ивановна,371,7б,5,Шкапрова_ЕИ,1SQi29GV
412,Чичирин Владимир Георгиевич,11,10а,4,Чичирин_ВГ,03i91lbF
413,Шилова Надежда Викторовна,124,9б,2,Шилова_НВ,653aj0xO
414,Коваев Руслан Михаилович,487,9т,3,Коваев_РМ,GbbKkp9y
415,Саверина Надежда Андреевна,407,11б,4,Саверина_НА,I5slWQlo
416,Тишанкин Олег Адамович,334,9д,3,Тишанкин_ОА,doU3l8IY
417,Широпаев Валерий Сергеевич,406,9б,2,Широпаев_ВС,1m4iYsYH
418,Щепанин Олег Адамович,226,7а,3,Щепанин_ОА,2sug11Jp
419,Оплетин Владислав Аркадиевич,361,10х,4,Оплетин_ВА,cwfmD1ve
420,Оденова Карина Андреевна,409,8и,4,Оденова_КА,NvFSv0x6
421,Семагин Альберт Андреевич,456,10х,4,Семагин_АА,coj7K8yD
422,Черданцева Анастасия Олеговна,128,8х,3,Черданцева_АО,S36oh8m5
423,Лонцова Елизавета Эдуардовна,224,7х,3,Лонцова_ЕЭ,wUG751mR
424,Сарсекеева Алёна Никитична,462,11и,4,Сарсекеева_АН,klj0imRo
425,Аковецкий Антон Евгеньевич,500,8б,4,Аковецкий_АЕ,j2CYQEGA
426,Аратский Станислав Борисович,351,9и,2,Аратский_СБ,2F07Nyx0
427,Чужриков Пётр Денисович,200,9в,3,Чужриков_ПД,R4Qyli83
428,Никитшин Алексей Кириллович,111,11и,3,Никитшин_АК,R4E7c77S
429,Симендяев Василий Алексиевич,45,8д,4,Симендяев_ВА,qEKUhNX0
430,Ошитков Максим Сергеевич,151,10г,4,Ошитков_МС,bULa8I31
431,Юрасов Евгений Романович,338,9и,3,Юрасов_ЕР,D385383h
432,Головяшин Павел Юриевич,179,7г,5,Головяшин_ПЮ,6ZKo0N32
433,Манжурина Екатерина Сергеевна,219,7т,3,Манжурина_ЕС,0WRlKKw1
434,Никурашин Олег Евгеньевич,291,11х,2,Никурашин_ОЕ,oGh7Wx5q
435,Бехтерев Федор Вадимович,137,9х,3,Бехтерев_ФВ,9ATkfbR3
436,Годлевская Катерина Дмитриевна,403,11г,3,Годлевская_КД,YV2X4jD1
437,Акиярова Алина Эдуардовна,9,11а,4,Акиярова_АЭ,9gc890y3
438,Милина Алена Петровна,359,8г,3,Милина_АП,C70M55mI
439,Воловин Борис Викторович,350,7т,2,Воловин_БВ,87dri5pE
440,Туморина Ксения Федоровна,133,8б,5,Туморина_КФ,t2x2a4P1
441,Желейков Вячеслав Яковлевич,199,8г,3,Желейков_ВЯ,g8jd57Gu
442,Шишорнина Екатерина Алексеевна,183,8т,3,Шишорнина_ЕА,WVUZKk44
443,Юумогулова Виолетта Игоревна,311,10х,3,Юумогулова_ВИ,ojhuQOrs
444,Рецков Денис Денисович,85,10д,2,Рецков_ДД,a6kI91m2
445,Химунина Елизавета Ивановна,392,7д,2,Химунина_ЕИ,52I67F1L
446,Кобрянов Александр Алексиевич,455,7т,2,Кобрянов_АА,w27vNnHs
447,Бирылов Тарас Данилович,243,11а,3,Бирылов_ТД,CvPFfH7z
448,Туфатулин Ярослав Леонидович,485,8х,4,Туфатулин_ЯЛ,2LO9WGi5
449,Долбишев Николай Аркадиевич,292,10б,5,Долбишев_НА,DtX4zXXd
450,Махтумова Алёна Эдуардовна,186,10б,4,Махтумова_АЭ,2N6e5kHe
451,Нарзаркин Алексей Романович,423,10т,2,Нарзаркин_АР,52pm7ZhD
452,Куранина Алена Леонидовна,196,9б,4,Куранина_АЛ,a0FJFQW1
453,Ситюков Аркадий Евгеньевич,32,10в,3,Ситюков_АЕ,2Vl8E39T
454,Мизюрова Алиса Никитична,176,7г,4,Мизюрова_АН,f9OzwGVf
455,Пандурова Алиса Дмитриевна,130,9б,2,Пандурова_АД,1LVMsr1h
456,Жилейкин Борис Тимофеевич,91,7в,2,Жилейкин_БТ,Sm95601d
457,Корпункова Виолетта Сергеевна,83,11а,3,Корпункова_ВС,91EZ17LH
458,Пашохонова Анастасия Федоровна,467,9в,4,Пашохонова_АФ,n5tC3uf6
459,Сузальцева Тамара Михайловна,357,8х,4,Сузальцева_ТМ,1hQ9XJ32
460,Чиличкина Светлана Яковлевна,5,8в,5,Чиличкина_СЯ,18BePZ2s
461,Шантыкова Карина Максимовна,198,10д,3,Шантыкова_КМ,ZWcq8FPs
462,Недосекин Владислав Яковлевич,457,10а,4,Недосекин_ВЯ,phXzG42q
463,Максимкин Федор Фёдорович,172,10г,2,Максимкин_ФФ,47rb9D5P
464,Матбиюшина Виктория Игоревна,237,8д,2,Матбиюшина_ВИ,P8lDu2BH
465,Шишкунов Герасим Юрьевич,110,8т,4,Шишкунов_ГЮ,nb8h491M
466,Сухинин Георгий Алексиевич,475,10х,4,Сухинин_ГА,V2B339AM
467,Бисеева Полина Романовна,48,7д,5,Бисеева_ПР,s3oH0Bdk
468,Жукулов Михаил Денисович,60,11г,3,Жукулов_МД,R6pO73Y2
469,Тоняев Герасим Петрович,378,9т,5,Тоняев_ГП,xx740G1Q
470,Шушенкова Алёна Олеговна,36,7и,2,Шушенкова_АО,E00CftI8
471,Разроев Дмитрий Павлович,59,9а,2,Разроев_ДП,EZrun93F
472,Баззаев Анатолий Данилович,339,9д,2,Баззаев_АД,0zEH7hs6
473,Цекова Алла Олеговна,50,8д,2,Цекова_АО,IrH2d22B
474,Аборонова Алиса Алексеевна,444,7г,5,Аборонова_АА,5won025g
475,Ягловская Ева Олеговна,181,8в,4,Ягловская_ЕО,zBW5Ip5E
476,Шароварова Яна Романовна,175,8а,4,Шароварова_ЯР,HWnpi37R
477,Общев Яков Викторович,466,8а,4,Общев_ЯВ,U96m47QD
478,Ойзерская Катерина Эдуардовна,120,7х,2,Ойзерская_КЭ,7Va2n2gV
479,Прусский Ярослав Иванович,479,11б,2,Прусский_ЯИ,l5CD0930
480,Лабинов Павел Алексеевич,272,7б,5,Лабинов_ПА,tBK4vr0j
481,Покровов Эдуард Павлович,312,8б,2,Покровов_ЭП,w132Sdd9
482,Мачехин Эдуард Данилович,19,7д,3,Мачехин_ЭД,iOeXvDX9
483,Кодорская Раиса Ивановна,27,11б,3,Кодорская_РИ,rHTx6734
484,Кондраева Марина Ивановна,469,9д,3,Кондраева_МИ,dc3V7v8n
485,Бульенков Валентин Иванович,136,10т,4,Бульенков_ВИ,517G41AW
486,Тагакова Вероника Яковлевна,393,8т,4,Тагакова_ВЯ,72X4hAQ5
487,Гершанова Любовь Евгеньевна,383,11т,5,Гершанова_ЛЕ,zNxLAnP9
488,Салина Алена Егоровна,73,11в,5,Салина_АЕ,xSaU9iFo
489,Фрумова Зинаида Аркадьевна,78,8а,4,Фрумова_ЗА,59cibYkB
490,Хорняков Борис Борисович,13,8г,2,Хорняков_ББ,97509q16
491,Гдагазина Лиза Василевна,212,9т,5,Гдагазина_ЛВ,w1eU7juX
492,Агаршев Ярослав Михаилович,276,9т,2,Агаршев_ЯМ,m5iv9IdJ
493,Корюшин Пётр Антонович,326,8х,2,Корюшин_ПА,m7WqFKVJ
494,Калаев Пётр Алексиевич,68,8а,3,Калаев_ПА,b4UZJNQB
495,Ккаталкина Виолетта Егоровна,53,7б,2,Ккаталкина_ВЕ,EZ0aFmX9
496,Рачнов Герасим Алексеевич,103,10а,5,Рачнов_ГА,Kp3JURTe
497,Миндубаева Людмила Леонидовна,477,11и,2,Миндубаева_ЛЛ,p8J85yw7
498,Агафьева Вера Ивановна,352,11х,3,Агафьева_ВИ,fbx3r77v
499,Житин Эдуард Адамович,481,9а,5,Житин_ЭА,87a5pHU1
